<?xml version="1.0" encoding="UTF-8"?>
<project-private xmlns="http://www.netbeans.org/ns/project-private/1">
    <editor-bookmarks xmlns="http://www.netbeans.org/ns/editor-bookmarks/2" lastBookmarkId="0"/>
    <open-files xmlns="http://www.netbeans.org/ns/projectui-open-files/2">
        <group>
            <file>file:/D:/dersler/lesson/2nd%20grade%20book%20pdfs/nesne%20yönelimli%20paradigmalar/Hilal%20Demir%20Hospital%20Management%20System/18070001020_project1_medicalcenter/src/hospitalpatienttrackerproject/NewJFrame.java</file>
            <file>file:/D:/dersler/lesson/2nd%20grade%20book%20pdfs/nesne%20yönelimli%20paradigmalar/Hilal%20Demir%20Hospital%20Management%20System/18070001020_project1_medicalcenter/src/hospitalpatienttrackerproject/NewJFrame1.java</file>
        </group>
    </open-files>
</project-private>
